scenario,mode,snr_db,blocks,bits,ber_iter1,ber_iter5,ber_iter10,elapsed_s
memoryless_mild_pa,mismatch,0,5,20480,0.34619140625,0.338134765625,0.338134765625,0.11237287521362305
memoryless_mild_pa,mismatch,1,5,20480,0.314306640625,0.30166015625,0.3013671875,0.09056806564331055
memoryless_mild_pa,mismatch,2,8,32768,0.27984619140625,0.2529296875,0.252899169921875,0.1815335750579834
memoryless_mild_pa,mismatch,3,10,40960,0.247216796875,0.201171875,0.200146484375,0.18348145484924316
memoryless_mild_pa,mismatch,4,12,49152,0.20654296875,0.12715657552083334,0.10585530598958333,0.22651457786560059
memoryless_mild_pa,mismatch,4.5,15,61440,0.17628580729166668,0.060693359375,0.008756510416666667,0.2773704528808594
memoryless_mild_pa,mismatch,5,20,81920,0.16270751953125,0.02266845703125,0.0,0.3620641231536865
memoryless_mild_pa,mismatch,5.5,25,102400,0.133427734375,0.0021875,0.0,0.4419069290161133
memoryless_mild_pa,mismatch,6,30,122880,0.11273600260416666,3.255208333333333e-05,0.0,0.5373706817626953
memoryless_mild_pa,memoryless_pa,0,5,20480,0.33984375,0.332080078125,0.332080078125,0.09420418739318848
memoryless_mild_pa,memoryless_pa,1,5,20480,0.3056640625,0.289013671875,0.289111328125,0.09168434143066406
memoryless_mild_pa,memoryless_pa,2,8,32768,0.2862548828125,0.26055908203125,0.260772705078125,0.1552581787109375
memoryless_mild_pa,memoryless_pa,3,10,40960,0.2412353515625,0.1968017578125,0.1955810546875,0.18987584114074707
memoryless_mild_pa,memoryless_pa,4,12,49152,0.2039794921875,0.12123616536458333,0.09332275390625,0.22405266761779785
memoryless_mild_pa,memoryless_pa,4.5,15,61440,0.181396484375,0.06640625,0.013590494791666666,0.30004405975341797
memoryless_mild_pa,memoryless_pa,5,20,81920,0.15263671875,0.0156494140625,9.765625e-05,0.3844869136810303
memoryless_mild_pa,memoryless_pa,5.5,25,102400,0.131767578125,0.0019921875,0.0,0.47278904914855957
memoryless_mild_pa,memoryless_pa,6,30,122880,0.10880533854166667,0.0,0.0,0.5453557968139648
memoryless_mild_pa,sequence,0,5,20480,0.3513671875,0.34306640625,0.34296875,0.668342113494873
memoryless_mild_pa,sequence,1,5,20480,0.321435546875,0.30693359375,0.306494140625,0.6703195571899414
memoryless_mild_pa,sequence,2,8,32768,0.28546142578125,0.261962890625,0.261199951171875,1.0600497722625732
memoryless_mild_pa,sequence,3,10,40960,0.243896484375,0.2090087890625,0.2092041015625,1.329296350479126
memoryless_mild_pa,sequence,4,12,49152,0.20363362630208334,0.13169352213541666,0.11566162109375,1.5984296798706055
memoryless_mild_pa,sequence,4.5,15,61440,0.17830403645833334,0.07470703125,0.020930989583333334,1.9605615139007568
memoryless_mild_pa,sequence,5,20,81920,0.1613037109375,0.036962890625,0.00068359375,2.606102466583252
memoryless_mild_pa,sequence,5.5,25,102400,0.1371875,0.0052734375,0.0,3.280003309249878
memoryless_mild_pa,sequence,6,30,122880,0.11329752604166667,0.0007242838541666667,0.0,3.8887081146240234
seen_memory_strong_pa,mismatch,0,5,20480,0.388427734375,0.382421875,0.382470703125,0.09356474876403809
seen_memory_strong_pa,mismatch,1,5,20480,0.37666015625,0.3677734375,0.368115234375,0.08950233459472656
seen_memory_strong_pa,mismatch,2,8,32768,0.34625244140625,0.336822509765625,0.336639404296875,0.1469733715057373
seen_memory_strong_pa,mismatch,3,10,40960,0.310400390625,0.294775390625,0.29453125,0.18372488021850586
seen_memory_strong_pa,mismatch,4,12,49152,0.28277587890625,0.266357421875,0.2672932942708333,0.22020983695983887
seen_memory_strong_pa,mismatch,4.5,15,61440,0.27071940104166664,0.24449869791666667,0.24441731770833333,0.27365756034851074
seen_memory_strong_pa,mismatch,5,20,81920,0.25457763671875,0.22275390625,0.22108154296875,0.36321544647216797
seen_memory_strong_pa,mismatch,5.5,25,102400,0.24236328125,0.203916015625,0.203935546875,0.4561960697174072
seen_memory_strong_pa,mismatch,6,30,122880,0.22073567708333333,0.17272135416666667,0.1732421875,0.5327672958374023
seen_memory_strong_pa,memoryless_pa,0,5,20480,0.373291015625,0.369677734375,0.369677734375,0.09504151344299316
seen_memory_strong_pa,memoryless_pa,1,5,20480,0.363916015625,0.35654296875,0.35654296875,0.08995985984802246
seen_memory_strong_pa,memoryless_pa,2,8,32768,0.3287353515625,0.31829833984375,0.318267822265625,0.14751601219177246
seen_memory_strong_pa,memoryless_pa,3,10,40960,0.305908203125,0.2909912109375,0.2912109375,0.18500542640686035
seen_memory_strong_pa,memoryless_pa,4,12,49152,0.2718098958333333,0.24049886067708334,0.23990885416666666,0.2140331268310547
seen_memory_strong_pa,memoryless_pa,4.5,15,61440,0.25685221354166665,0.21603190104166667,0.21539713541666666,0.27346205711364746
seen_memory_strong_pa,memoryless_pa,5,20,81920,0.22998046875,0.17891845703125,0.1763427734375,0.3648231029510498
seen_memory_strong_pa,memoryless_pa,5.5,25,102400,0.214365234375,0.147578125,0.140009765625,0.485642671585083
seen_memory_strong_pa,memoryless_pa,6,30,122880,0.19647623697916666,0.108740234375,0.0725341796875,0.5344583988189697
seen_memory_strong_pa,sequence,0,5,20480,0.383740234375,0.37822265625,0.37861328125,0.653712272644043
seen_memory_strong_pa,sequence,1,5,20480,0.36220703125,0.3591796875,0.358935546875,0.6568722724914551
seen_memory_strong_pa,sequence,2,8,32768,0.34112548828125,0.33087158203125,0.33062744140625,1.0399253368377686
seen_memory_strong_pa,sequence,3,10,40960,0.31279296875,0.29619140625,0.2961669921875,1.321411371231079
seen_memory_strong_pa,sequence,4,12,49152,0.2812296549479167,0.2650553385416667,0.2673746744791667,1.5641963481903076
seen_memory_strong_pa,sequence,4.5,15,61440,0.26617838541666666,0.244384765625,0.24847005208333334,2.016627550125122
seen_memory_strong_pa,sequence,5,20,81920,0.25328369140625,0.2217041015625,0.22474365234375,2.598884344100952
seen_memory_strong_pa,sequence,5.5,25,102400,0.2387890625,0.203955078125,0.209814453125,3.261399984359741
seen_memory_strong_pa,sequence,6,30,122880,0.22106119791666667,0.17372233072916668,0.17799479166666668,3.9039852619171143
edge_memory_unseen_pa,mismatch,0,5,20480,0.412646484375,0.410009765625,0.410107421875,0.09199690818786621
edge_memory_unseen_pa,mismatch,1,5,20480,0.411328125,0.404443359375,0.4044921875,0.09164667129516602
edge_memory_unseen_pa,mismatch,2,8,32768,0.392486572265625,0.389251708984375,0.3892822265625,0.14960622787475586
edge_memory_unseen_pa,mismatch,3,10,40960,0.3775146484375,0.374951171875,0.3745849609375,0.18750476837158203
edge_memory_unseen_pa,mismatch,4,12,49152,0.357421875,0.3501790364583333,0.3507893880208333,0.21921896934509277
edge_memory_unseen_pa,mismatch,4.5,15,61440,0.3500162760416667,0.3458658854166667,0.34567057291666664,0.27116870880126953
edge_memory_unseen_pa,mismatch,5,20,81920,0.3352783203125,0.3320068359375,0.332373046875,0.36470508575439453
edge_memory_unseen_pa,mismatch,5.5,25,102400,0.327783203125,0.3295703125,0.330234375,0.4590320587158203
edge_memory_unseen_pa,mismatch,6,30,122880,0.32078450520833335,0.32289225260416665,0.32240397135416665,0.5530765056610107
edge_memory_unseen_pa,memoryless_pa,0,5,20480,0.413623046875,0.411181640625,0.411181640625,0.08945393562316895
edge_memory_unseen_pa,memoryless_pa,1,5,20480,0.39365234375,0.392236328125,0.392236328125,0.09235882759094238
edge_memory_unseen_pa,memoryless_pa,2,8,32768,0.372161865234375,0.368072509765625,0.368072509765625,0.1542360782623291
edge_memory_unseen_pa,memoryless_pa,3,10,40960,0.358935546875,0.3510498046875,0.3509033203125,0.203355073928833
edge_memory_unseen_pa,memoryless_pa,4,12,49152,0.3349812825520833,0.3208821614583333,0.3207600911458333,0.22285771369934082
edge_memory_unseen_pa,memoryless_pa,4.5,15,61440,0.3189615885416667,0.3043131510416667,0.304248046875,0.27472925186157227
edge_memory_unseen_pa,memoryless_pa,5,20,81920,0.30745849609375,0.29071044921875,0.29063720703125,0.3644545078277588
edge_memory_unseen_pa,memoryless_pa,5.5,25,102400,0.294404296875,0.277392578125,0.277568359375,0.459186315536499
edge_memory_unseen_pa,memoryless_pa,6,30,122880,0.2811686197916667,0.25847981770833334,0.2580973307291667,0.5606203079223633
edge_memory_unseen_pa,sequence,0,5,20480,0.4181640625,0.419921875,0.419189453125,0.652416467666626
edge_memory_unseen_pa,sequence,1,5,20480,0.404736328125,0.406298828125,0.406005859375,0.6617331504821777
edge_memory_unseen_pa,sequence,2,8,32768,0.3848876953125,0.380157470703125,0.380615234375,1.0430443286895752
edge_memory_unseen_pa,sequence,3,10,40960,0.3717529296875,0.3686279296875,0.3677734375,1.3185005187988281
edge_memory_unseen_pa,sequence,4,12,49152,0.35400390625,0.35205078125,0.3534138997395833,1.5776705741882324
edge_memory_unseen_pa,sequence,4.5,15,61440,0.3428873697916667,0.339599609375,0.34088541666666666,1.9586434364318848
edge_memory_unseen_pa,sequence,5,20,81920,0.334033203125,0.33192138671875,0.334033203125,2.6001358032226562
edge_memory_unseen_pa,sequence,5.5,25,102400,0.325859375,0.325,0.328076171875,3.2794787883758545
edge_memory_unseen_pa,sequence,6,30,122880,0.3164143880208333,0.3125,0.3195556640625,3.9818315505981445
